#,Type 1,Type 2,Total,HP,Attack,Defense,Sp. Atk,Sp. Def,Speed,Legendary,Type_1,Type_2,Normal,Fire,Water,Electric,Grass,Ice,Fighting,Poison,Ground,Flying,Psychic,Bug,Rock,Ghost,Dragon,Dark,Steel,Fairy,Level
1,Grass,Poison,318,45,49,49,65,65,45,False,Grass,Poison,1.0,2.0,0.5,0.5,0.25,2.0,0.5,1.0,1.0,2.0,2.0,1.0,1.0,1.0,1.0,1.0,1.0,0.5,1
2,Grass,Poison,405,60,62,63,80,80,60,False,Grass,Poison,1.0,2.0,0.5,0.5,0.25,2.0,0.5,1.0,1.0,2.0,2.0,1.0,1.0,1.0,1.0,1.0,1.0,0.5,1
3,Grass,Poison,525,80,82,83,100,100,80,False,Grass,Poison,1.0,2.0,0.5,0.5,0.25,2.0,0.5,1.0,1.0,2.0,2.0,1.0,1.0,1.0,1.0,1.0,1.0,0.5,1
4,Fire,,309,39,52,43,60,50,65,False,Fire,,1.0,0.5,2.0,1.0,0.5,0.5,1.0,1.0,2.0,1.0,1.0,0.5,2.0,1.0,1.0,1.0,0.5,0.5,1
5,Fire,,405,58,64,58,80,65,80,False,Fire,,1.0,0.5,2.0,1.0,0.5,0.5,1.0,1.0,2.0,1.0,1.0,0.5,2.0,1.0,1.0,1.0,0.5,0.5,1
6,Fire,Flying,534,78,84,78,109,85,100,False,Fire,Flying,1.0,0.5,2.0,2.0,0.25,1.0,0.5,1.0,0.0,1.0,1.0,0.25,4.0,1.0,1.0,1.0,0.5,0.5,1
7,Water,,314,44,48,65,50,64,43,False,Water,,1.0,0.5,0.5,2.0,2.0,0.5,1.0,1.0,1.0,1.0,1.0,1.0,1.0,1.0,1.0,1.0,0.5,1.0,1
8,Water,,405,59,63,80,65,80,58,False,Water,,1.0,0.5,0.5,2.0,2.0,0.5,1.0,1.0,1.0,1.0,1.0,1.0,1.0,1.0,1.0,1.0,0.5,1.0,1
9,Water,,530,79,83,100,85,105,78,False,Water,,1.0,0.5,0.5,2.0,2.0,0.5,1.0,1.0,1.0,1.0,1.0,1.0,1.0,1.0,1.0,1.0,0.5,1.0,1
10,Bug,,195,45,30,35,20,20,45,False,Bug,,1.0,2.0,1.0,1.0,0.5,1.0,0.5,1.0,0.5,2.0,1.0,1.0,2.0,1.0,1.0,1.0,1.0,1.0,1
11,Bug,,205,50,20,55,25,25,30,False,Bug,,1.0,2.0,1.0,1.0,0.5,1.0,0.5,1.0,0.5,2.0,1.0,1.0,2.0,1.0,1.0,1.0,1.0,1.0,1
12,Bug,Flying,395,60,45,50,90,80,70,False,Bug,Flying,1.0,2.0,1.0,2.0,0.25,2.0,0.25,1.0,0.0,2.0,1.0,0.5,4.0,1.0,1.0,1.0,1.0,1.0,1
13,Bug,Poison,195,40,35,30,20,20,50,False,Bug,Poison,1.0,2.0,1.0,1.0,0.25,1.0,0.25,0.5,1.0,2.0,2.0,0.5,2.0,1.0,1.0,1.0,1.0,0.5,1
14,Bug,Poison,205,45,25,50,25,25,35,False,Bug,Poison,1.0,2.0,1.0,1.0,0.25,1.0,0.25,0.5,1.0,2.0,2.0,0.5,2.0,1.0,1.0,1.0,1.0,0.5,1
15,Bug,Poison,395,65,90,40,45,80,75,False,Bug,Poison,1.0,2.0,1.0,1.0,0.25,1.0,0.25,0.5,1.0,2.0,2.0,0.5,2.0,1.0,1.0,1.0,1.0,0.5,1
16,Normal,Flying,251,40,45,40,35,35,56,False,Normal,Flying,1.0,1.0,1.0,2.0,0.5,2.0,1.0,1.0,0.0,1.0,1.0,0.5,2.0,0.0,1.0,1.0,1.0,1.0,1
17,Normal,Flying,349,63,60,55,50,50,71,False,Normal,Flying,1.0,1.0,1.0,2.0,0.5,2.0,1.0,1.0,0.0,1.0,1.0,0.5,2.0,0.0,1.0,1.0,1.0,1.0,1
18,Normal,Flying,479,83,80,75,70,70,101,False,Normal,Flying,1.0,1.0,1.0,2.0,0.5,2.0,1.0,1.0,0.0,1.0,1.0,0.5,2.0,0.0,1.0,1.0,1.0,1.0,1
19,Normal,,253,30,56,35,25,35,72,False,Normal,,1.0,1.0,1.0,1.0,1.0,1.0,2.0,1.0,1.0,1.0,1.0,1.0,1.0,0.0,1.0,1.0,1.0,1.0,1
20,Normal,,413,55,81,60,50,70,97,False,Normal,,1.0,1.0,1.0,1.0,1.0,1.0,2.0,1.0,1.0,1.0,1.0,1.0,1.0,0.0,1.0,1.0,1.0,1.0,1
21,Normal,Flying,262,40,60,30,31,31,70,False,Normal,Flying,1.0,1.0,1.0,2.0,0.5,2.0,1.0,1.0,0.0,1.0,1.0,0.5,2.0,0.0,1.0,1.0,1.0,1.0,1
22,Normal,Flying,442,65,90,65,61,61,100,False,Normal,Flying,1.0,1.0,1.0,2.0,0.5,2.0,1.0,1.0,0.0,1.0,1.0,0.5,2.0,0.0,1.0,1.0,1.0,1.0,1
23,Poison,,288,35,60,44,40,54,55,False,Poison,,1.0,1.0,1.0,1.0,0.5,1.0,0.5,0.5,2.0,1.0,2.0,0.5,1.0,1.0,1.0,1.0,1.0,0.5,1
24,Poison,,438,60,85,69,65,79,80,False,Poison,,1.0,1.0,1.0,1.0,0.5,1.0,0.5,0.5,2.0,1.0,2.0,0.5,1.0,1.0,1.0,1.0,1.0,0.5,1
25,Electric,,320,35,55,40,50,50,90,False,Electric,,1.0,1.0,1.0,0.5,1.0,1.0,1.0,1.0,2.0,0.5,1.0,1.0,1.0,1.0,1.0,1.0,0.5,1.0,1
26,Electric,,485,60,90,55,90,80,110,False,Electric,,1.0,1.0,1.0,0.5,1.0,1.0,1.0,1.0,2.0,0.5,1.0,1.0,1.0,1.0,1.0,1.0,0.5,1.0,1
27,Ground,,300,50,75,85,20,30,40,False,Ground,,1.0,1.0,2.0,0.0,2.0,2.0,1.0,0.5,1.0,1.0,1.0,1.0,0.5,1.0,1.0,1.0,1.0,1.0,1
28,Ground,,450,75,100,110,45,55,65,False,Ground,,1.0,1.0,2.0,0.0,2.0,2.0,1.0,0.5,1.0,1.0,1.0,1.0,0.5,1.0,1.0,1.0,1.0,1.0,1
30,Poison,,365,70,62,67,55,55,56,False,Poison,,1.0,1.0,1.0,1.0,0.5,1.0,0.5,0.5,2.0,1.0,2.0,0.5,1.0,1.0,1.0,1.0,1.0,0.5,1
31,Poison,Ground,505,90,92,87,75,85,76,False,Poison,Ground,1.0,1.0,2.0,0.0,1.0,2.0,0.5,0.25,2.0,1.0,2.0,0.5,0.5,1.0,1.0,1.0,1.0,0.5,1
33,Poison,,365,61,72,57,55,55,65,False,Poison,,1.0,1.0,1.0,1.0,0.5,1.0,0.5,0.5,2.0,1.0,2.0,0.5,1.0,1.0,1.0,1.0,1.0,0.5,1
34,Poison,Ground,505,81,102,77,85,75,85,False,Poison,Ground,1.0,1.0,2.0,0.0,1.0,2.0,0.5,0.25,2.0,1.0,2.0,0.5,0.5,1.0,1.0,1.0,1.0,0.5,1
35,Fairy,,323,70,45,48,60,65,35,False,Fairy,,1.0,1.0,1.0,1.0,1.0,1.0,0.5,2.0,1.0,1.0,1.0,0.5,1.0,1.0,0.0,0.5,2.0,1.0,1
36,Fairy,,483,95,70,73,95,90,60,False,Fairy,,1.0,1.0,1.0,1.0,1.0,1.0,0.5,2.0,1.0,1.0,1.0,0.5,1.0,1.0,0.0,0.5,2.0,1.0,1
37,Fire,,299,38,41,40,50,65,65,False,Fire,,1.0,0.0,2.0,1.0,0.5,0.5,1.0,1.0,2.0,1.0,1.0,0.5,2.0,1.0,1.0,1.0,0.5,0.5,1
38,Fire,,505,73,76,75,81,100,100,False,Fire,,1.0,0.0,2.0,1.0,0.5,0.5,1.0,1.0,2.0,1.0,1.0,0.5,2.0,1.0,1.0,1.0,0.5,0.5,1
39,Normal,Fairy,270,115,45,20,45,25,20,False,Normal,Fairy,1.0,1.0,1.0,1.0,1.0,1.0,1.0,2.0,1.0,1.0,1.0,0.5,1.0,0.0,0.0,0.5,2.0,1.0,1
40,Normal,Fairy,435,140,70,45,85,50,45,False,Normal,Fairy,1.0,1.0,1.0,1.0,1.0,1.0,1.0,2.0,1.0,1.0,1.0,0.5,1.0,0.0,0.0,0.5,2.0,1.0,1
41,Poison,Flying,245,40,45,35,30,40,55,False,Poison,Flying,1.0,1.0,1.0,2.0,0.25,2.0,0.25,0.5,0.0,1.0,2.0,0.25,2.0,1.0,1.0,1.0,1.0,0.5,1
42,Poison,Flying,455,75,80,70,65,75,90,False,Poison,Flying,1.0,1.0,1.0,2.0,0.25,2.0,0.25,0.5,0.0,1.0,2.0,0.25,2.0,1.0,1.0,1.0,1.0,0.5,1
43,Grass,Poison,320,45,50,55,75,65,30,False,Grass,Poison,1.0,2.0,0.5,0.5,0.25,2.0,0.5,1.0,1.0,2.0,2.0,1.0,1.0,1.0,1.0,1.0,1.0,0.5,1
44,Grass,Poison,395,60,65,70,85,75,40,False,Grass,Poison,1.0,2.0,0.5,0.5,0.25,2.0,0.5,1.0,1.0,2.0,2.0,1.0,1.0,1.0,1.0,1.0,1.0,0.5,1
45,Grass,Poison,490,75,80,85,110,90,50,False,Grass,Poison,1.0,2.0,0.5,0.5,0.25,2.0,0.5,1.0,1.0,2.0,2.0,1.0,1.0,1.0,1.0,1.0,1.0,0.5,1
46,Bug,Grass,285,35,70,55,45,55,25,False,Bug,Grass,1.0,4.0,0.5,0.5,0.25,2.0,0.5,2.0,0.25,4.0,1.0,2.0,2.0,1.0,1.0,1.0,1.0,1.0,1
47,Bug,Grass,405,60,95,80,60,80,30,False,Bug,Grass,1.0,4.0,0.5,0.5,0.25,2.0,0.5,2.0,0.25,4.0,1.0,2.0,2.0,1.0,1.0,1.0,1.0,1.0,1
48,Bug,Poison,305,60,55,50,40,55,45,False,Bug,Poison,1.0,2.0,1.0,1.0,0.25,1.0,0.25,0.5,1.0,2.0,2.0,0.5,2.0,1.0,1.0,1.0,1.0,0.5,1
49,Bug,Poison,450,70,65,60,90,75,90,False,Bug,Poison,1.0,2.0,1.0,1.0,0.25,1.0,0.25,0.5,1.0,2.0,2.0,0.5,2.0,1.0,1.0,1.0,1.0,0.5,1
50,Ground,,265,10,55,25,35,45,95,False,Ground,,1.0,1.0,2.0,0.0,2.0,2.0,1.0,0.5,1.0,1.0,1.0,1.0,0.5,1.0,1.0,1.0,1.0,1.0,1
51,Ground,,405,35,80,50,50,70,120,False,Ground,,1.0,1.0,2.0,0.0,2.0,2.0,1.0,0.5,1.0,1.0,1.0,1.0,0.5,1.0,1.0,1.0,1.0,1.0,1
52,Normal,,290,40,45,35,40,40,90,False,Normal,,1.0,1.0,1.0,1.0,1.0,1.0,2.0,1.0,1.0,1.0,1.0,1.0,1.0,0.0,1.0,1.0,1.0,1.0,1
53,Normal,,440,65,70,60,65,65,115,False,Normal,,1.0,1.0,1.0,1.0,1.0,1.0,2.0,1.0,1.0,1.0,1.0,1.0,1.0,0.0,1.0,1.0,1.0,1.0,1
54,Water,,320,50,52,48,65,50,55,False,Water,,1.0,0.5,0.5,2.0,2.0,0.5,1.0,1.0,1.0,1.0,1.0,1.0,1.0,1.0,1.0,1.0,0.5,1.0,1
55,Water,,500,80,82,78,95,80,85,False,Water,,1.0,0.5,0.5,2.0,2.0,0.5,1.0,1.0,1.0,1.0,1.0,1.0,1.0,1.0,1.0,1.0,0.5,1.0,1
56,Fighting,,305,40,80,35,35,45,70,False,Fighting,,1.0,1.0,1.0,1.0,1.0,1.0,1.0,1.0,1.0,2.0,2.0,0.5,0.5,1.0,1.0,0.5,1.0,2.0,1
57,Fighting,,455,65,105,60,60,70,95,False,Fighting,,1.0,1.0,1.0,1.0,1.0,1.0,1.0,1.0,1.0,2.0,2.0,0.5,0.5,1.0,1.0,0.5,1.0,2.0,1
58,Fire,,350,55,70,45,70,50,60,False,Fire,,1.0,0.5,2.0,1.0,0.5,0.5,1.0,1.0,2.0,1.0,1.0,0.5,2.0,1.0,1.0,1.0,0.5,0.5,1
59,Fire,,555,90,110,80,100,80,95,False,Fire,,1.0,0.5,2.0,1.0,0.5,0.5,1.0,1.0,2.0,1.0,1.0,0.5,2.0,1.0,1.0,1.0,0.5,0.5,1
60,Water,,300,40,50,40,40,40,90,False,Water,,1.0,0.5,0.0,2.0,2.0,0.5,1.0,1.0,1.0,1.0,1.0,1.0,1.0,1.0,1.0,1.0,0.5,1.0,1
61,Water,,385,65,65,65,50,50,90,False,Water,,1.0,0.5,0.0,2.0,2.0,0.5,1.0,1.0,1.0,1.0,1.0,1.0,1.0,1.0,1.0,1.0,0.5,1.0,1
62,Water,Fighting,510,90,95,95,70,90,70,False,Water,Fighting,1.0,0.5,0.0,2.0,2.0,0.5,1.0,1.0,1.0,2.0,2.0,0.5,0.5,1.0,1.0,0.5,0.5,2.0,1
63,Psychic,,310,25,20,15,105,55,90,False,Psychic,,1.0,1.0,1.0,1.0,1.0,1.0,0.5,1.0,1.0,1.0,0.5,2.0,1.0,2.0,1.0,2.0,1.0,1.0,1
64,Psychic,,400,40,35,30,120,70,105,False,Psychic,,1.0,1.0,1.0,1.0,1.0,1.0,0.5,1.0,1.0,1.0,0.5,2.0,1.0,2.0,1.0,2.0,1.0,1.0,1
65,Psychic,,500,55,50,45,135,95,120,False,Psychic,,1.0,1.0,1.0,1.0,1.0,1.0,0.5,1.0,1.0,1.0,0.5,2.0,1.0,2.0,1.0,2.0,1.0,1.0,1
66,Fighting,,305,70,80,50,35,35,35,False,Fighting,,1.0,1.0,1.0,1.0,1.0,1.0,1.0,1.0,1.0,2.0,2.0,0.5,0.5,1.0,1.0,0.5,1.0,2.0,1
67,Fighting,,405,80,100,70,50,60,45,False,Fighting,,1.0,1.0,1.0,1.0,1.0,1.0,1.0,1.0,1.0,2.0,2.0,0.5,0.5,1.0,1.0,0.5,1.0,2.0,1
68,Fighting,,505,90,130,80,65,85,55,False,Fighting,,1.0,1.0,1.0,1.0,1.0,1.0,1.0,1.0,1.0,2.0,2.0,0.5,0.5,1.0,1.0,0.5,1.0,2.0,1
69,Grass,Poison,300,50,75,35,70,30,40,False,Grass,Poison,1.0,2.0,0.5,0.5,0.25,2.0,0.5,1.0,1.0,2.0,2.0,1.0,1.0,1.0,1.0,1.0,1.0,0.5,1
70,Grass,Poison,390,65,90,50,85,45,55,False,Grass,Poison,1.0,2.0,0.5,0.5,0.25,2.0,0.5,1.0,1.0,2.0,2.0,1.0,1.0,1.0,1.0,1.0,1.0,0.5,1
71,Grass,Poison,490,80,105,65,100,70,70,False,Grass,Poison,1.0,2.0,0.5,0.5,0.25,2.0,0.5,1.0,1.0,2.0,2.0,1.0,1.0,1.0,1.0,1.0,1.0,0.5,1
72,Water,Poison,335,40,40,35,50,100,70,False,Water,Poison,1.0,0.5,0.5,2.0,1.0,0.5,0.5,0.5,2.0,1.0,2.0,0.5,1.0,1.0,1.0,1.0,0.5,0.5,1
73,Water,Poison,515,80,70,65,80,120,100,False,Water,Poison,1.0,0.5,0.5,2.0,1.0,0.5,0.5,0.5,2.0,1.0,2.0,0.5,1.0,1.0,1.0,1.0,0.5,0.5,1
74,Rock,Ground,300,40,80,100,30,30,20,False,Rock,Ground,0.5,0.5,4.0,0.0,4.0,2.0,2.0,0.25,2.0,0.5,1.0,1.0,0.5,1.0,1.0,1.0,2.0,1.0,1
75,Rock,Ground,390,55,95,115,45,45,35,False,Rock,Ground,0.5,0.5,4.0,0.0,4.0,2.0,2.0,0.25,2.0,0.5,1.0,1.0,0.5,1.0,1.0,1.0,2.0,1.0,1
76,Rock,Ground,495,80,120,130,55,65,45,False,Rock,Ground,0.5,0.5,4.0,0.0,4.0,2.0,2.0,0.25,2.0,0.5,1.0,1.0,0.5,1.0,1.0,1.0,2.0,1.0,1
77,Fire,,410,50,85,55,65,65,90,False,Fire,,1.0,0.5,2.0,1.0,0.5,0.5,1.0,1.0,2.0,1.0,1.0,0.5,2.0,1.0,1.0,1.0,0.5,0.5,1
78,Fire,,500,65,100,70,80,80,105,False,Fire,,1.0,0.5,2.0,1.0,0.5,0.5,1.0,1.0,2.0,1.0,1.0,0.5,2.0,1.0,1.0,1.0,0.5,0.5,1
79,Water,Psychic,315,90,65,65,40,40,15,False,Water,Psychic,1.0,0.5,0.5,2.0,2.0,0.5,0.5,1.0,1.0,1.0,0.5,2.0,1.0,2.0,1.0,2.0,0.5,1.0,1
80,Water,Psychic,490,95,75,110,100,80,30,False,Water,Psychic,1.0,0.5,0.5,2.0,2.0,0.5,0.5,1.0,1.0,1.0,0.5,2.0,1.0,2.0,1.0,2.0,0.5,1.0,1
81,Electric,Steel,325,25,35,70,95,55,45,False,Electric,Steel,0.5,2.0,1.0,0.5,0.5,0.5,2.0,0.0,4.0,0.25,0.5,0.5,0.5,1.0,0.5,1.0,0.25,0.5,1
82,Electric,Steel,465,50,60,95,120,70,70,False,Electric,Steel,0.5,2.0,1.0,0.5,0.5,0.5,2.0,0.0,4.0,0.25,0.5,0.5,0.5,1.0,0.5,1.0,0.25,0.5,1
84,Normal,Flying,310,35,85,45,35,35,75,False,Normal,Flying,1.0,1.0,1.0,2.0,0.5,2.0,1.0,1.0,0.0,1.0,1.0,0.5,2.0,0.0,1.0,1.0,1.0,1.0,1
85,Normal,Flying,460,60,110,70,60,60,100,False,Normal,Flying,1.0,1.0,1.0,2.0,0.5,2.0,1.0,1.0,0.0,1.0,1.0,0.5,2.0,0.0,1.0,1.0,1.0,1.0,1
86,Water,,325,65,45,55,45,70,45,False,Water,,1.0,0.25,0.5,2.0,2.0,0.25,1.0,1.0,1.0,1.0,1.0,1.0,1.0,1.0,1.0,1.0,0.5,1.0,1
87,Water,Ice,475,90,70,80,70,95,70,False,Water,Ice,1.0,0.5,0.5,2.0,2.0,0.25,2.0,1.0,1.0,1.0,1.0,1.0,2.0,1.0,1.0,1.0,1.0,1.0,1
88,Poison,,325,80,80,50,40,50,25,False,Poison,,1.0,1.0,1.0,1.0,0.5,1.0,0.5,0.5,2.0,1.0,2.0,0.5,1.0,1.0,1.0,1.0,1.0,0.5,1
89,Poison,,500,105,105,75,65,100,50,False,Poison,,1.0,1.0,1.0,1.0,0.5,1.0,0.5,0.5,2.0,1.0,2.0,0.5,1.0,1.0,1.0,1.0,1.0,0.5,1
90,Water,,305,30,65,100,45,25,40,False,Water,,1.0,0.5,0.5,2.0,2.0,0.5,1.0,1.0,1.0,1.0,1.0,1.0,1.0,1.0,1.0,1.0,0.5,1.0,1
91,Water,Ice,525,50,95,180,85,45,70,False,Water,Ice,1.0,1.0,0.5,2.0,2.0,0.25,2.0,1.0,1.0,1.0,1.0,1.0,2.0,1.0,1.0,1.0,1.0,1.0,1
92,Ghost,Poison,310,30,35,30,100,35,80,False,Ghost,Poison,0.0,1.0,1.0,1.0,0.5,1.0,0.0,0.25,0.0,1.0,2.0,0.25,1.0,2.0,1.0,2.0,1.0,0.5,1
93,Ghost,Poison,405,45,50,45,115,55,95,False,Ghost,Poison,0.0,1.0,1.0,1.0,0.5,1.0,0.0,0.25,0.0,1.0,2.0,0.25,1.0,2.0,1.0,2.0,1.0,0.5,1
94,Ghost,Poison,500,60,65,60,130,75,110,False,Ghost,Poison,0.0,1.0,1.0,1.0,0.5,1.0,0.0,0.25,2.0,1.0,2.0,0.25,1.0,2.0,1.0,2.0,1.0,0.5,1
95,Rock,Ground,385,35,45,160,30,45,70,False,Rock,Ground,0.5,0.5,4.0,0.0,4.0,2.0,2.0,0.25,2.0,0.5,1.0,1.0,0.5,1.0,1.0,1.0,2.0,1.0,1
96,Psychic,,328,60,48,45,43,90,42,False,Psychic,,1.0,1.0,1.0,1.0,1.0,1.0,0.5,1.0,1.0,1.0,0.5,2.0,1.0,2.0,1.0,2.0,1.0,1.0,1
97,Psychic,,483,85,73,70,73,115,67,False,Psychic,,1.0,1.0,1.0,1.0,1.0,1.0,0.5,1.0,1.0,1.0,0.5,2.0,1.0,2.0,1.0,2.0,1.0,1.0,1
98,Water,,325,30,105,90,25,25,50,False,Water,,1.0,0.5,0.5,2.0,2.0,0.5,1.0,1.0,1.0,1.0,1.0,1.0,1.0,1.0,1.0,1.0,0.5,1.0,1
99,Water,,475,55,130,115,50,50,75,False,Water,,1.0,0.5,0.5,2.0,2.0,0.5,1.0,1.0,1.0,1.0,1.0,1.0,1.0,1.0,1.0,1.0,0.5,1.0,1
100,Electric,,330,40,30,50,55,55,100,False,Electric,,1.0,1.0,1.0,0.5,1.0,1.0,1.0,1.0,2.0,0.5,1.0,1.0,1.0,1.0,1.0,1.0,0.5,1.0,1
101,Electric,,480,60,50,70,80,80,140,False,Electric,,1.0,1.0,1.0,0.5,1.0,1.0,1.0,1.0,2.0,0.5,1.0,1.0,1.0,1.0,1.0,1.0,0.5,1.0,1
102,Grass,Psychic,325,60,40,80,60,45,40,False,Grass,Psychic,1.0,2.0,0.5,0.5,0.5,2.0,0.5,2.0,0.5,2.0,0.5,4.0,1.0,2.0,1.0,2.0,1.0,1.0,1
103,Grass,Psychic,520,95,95,85,125,65,55,False,Grass,Psychic,1.0,2.0,0.5,0.5,0.5,2.0,0.5,2.0,0.5,2.0,0.5,4.0,1.0,2.0,1.0,2.0,1.0,1.0,1
104,Ground,,320,50,50,95,40,50,35,False,Ground,,1.0,1.0,2.0,0.0,2.0,2.0,1.0,0.5,1.0,1.0,1.0,1.0,0.5,1.0,1.0,1.0,1.0,1.0,1
105,Ground,,425,60,80,110,50,80,45,False,Ground,,1.0,1.0,2.0,0.0,2.0,2.0,1.0,0.5,1.0,1.0,1.0,1.0,0.5,1.0,1.0,1.0,1.0,1.0,1
106,Fighting,,455,50,120,53,35,110,87,False,Fighting,,1.0,1.0,1.0,1.0,1.0,1.0,1.0,1.0,1.0,2.0,2.0,0.5,0.5,1.0,1.0,0.5,1.0,2.0,1
107,Fighting,,455,50,105,79,35,110,76,False,Fighting,,1.0,1.0,1.0,1.0,1.0,1.0,1.0,1.0,1.0,2.0,2.0,0.5,0.5,1.0,1.0,0.5,1.0,2.0,1
108,Normal,,385,90,55,75,60,75,30,False,Normal,,1.0,1.0,1.0,1.0,1.0,1.0,2.0,1.0,1.0,1.0,1.0,1.0,1.0,0.0,1.0,1.0,1.0,1.0,1
109,Poison,,340,40,65,95,60,45,35,False,Poison,,1.0,1.0,1.0,1.0,0.5,1.0,0.5,0.5,0.0,1.0,2.0,0.5,1.0,1.0,1.0,1.0,1.0,0.5,1
110,Poison,,490,65,90,120,85,70,60,False,Poison,,1.0,1.0,1.0,1.0,0.5,1.0,0.5,0.5,0.0,1.0,2.0,0.5,1.0,1.0,1.0,1.0,1.0,0.5,1
111,Ground,Rock,345,80,85,95,30,30,25,False,Ground,Rock,0.5,0.5,4.0,0.0,4.0,2.0,2.0,0.25,2.0,0.5,1.0,1.0,0.5,1.0,1.0,1.0,2.0,1.0,1
112,Ground,Rock,485,105,130,120,45,45,40,False,Ground,Rock,0.5,0.5,4.0,0.0,4.0,2.0,2.0,0.25,2.0,0.5,1.0,1.0,0.5,1.0,1.0,1.0,2.0,1.0,1
113,Normal,,450,250,5,5,35,105,50,False,Normal,,1.0,1.0,1.0,1.0,1.0,1.0,2.0,1.0,1.0,1.0,1.0,1.0,1.0,0.0,1.0,1.0,1.0,1.0,1
114,Grass,,435,65,55,115,100,40,60,False,Grass,,1.0,2.0,0.5,0.5,0.5,2.0,1.0,2.0,0.5,2.0,1.0,2.0,1.0,1.0,1.0,1.0,1.0,1.0,1
115,Normal,,490,105,95,80,40,80,90,False,Normal,,1.0,1.0,1.0,1.0,1.0,1.0,2.0,1.0,1.0,1.0,1.0,1.0,1.0,0.0,1.0,1.0,1.0,1.0,1
116,Water,,295,30,40,70,70,25,60,False,Water,,1.0,0.5,0.5,2.0,2.0,0.5,1.0,1.0,1.0,1.0,1.0,1.0,1.0,1.0,1.0,1.0,0.5,1.0,1
117,Water,,440,55,65,95,95,45,85,False,Water,,1.0,0.5,0.5,2.0,2.0,0.5,1.0,1.0,1.0,1.0,1.0,1.0,1.0,1.0,1.0,1.0,0.5,1.0,1
118,Water,,320,45,67,60,35,50,63,False,Water,,1.0,0.5,0.5,2.0,2.0,0.5,1.0,1.0,1.0,1.0,1.0,1.0,1.0,1.0,1.0,1.0,0.5,1.0,1
119,Water,,450,80,92,65,65,80,68,False,Water,,1.0,0.5,0.5,2.0,2.0,0.5,1.0,1.0,1.0,1.0,1.0,1.0,1.0,1.0,1.0,1.0,0.5,1.0,1
120,Water,,340,30,45,55,70,55,85,False,Water,,1.0,0.5,0.5,2.0,2.0,0.5,1.0,1.0,1.0,1.0,1.0,1.0,1.0,1.0,1.0,1.0,0.5,1.0,1
121,Water,Psychic,520,60,75,85,100,85,115,False,Water,Psychic,1.0,0.5,0.5,2.0,2.0,0.5,0.5,1.0,1.0,1.0,0.5,2.0,1.0,2.0,1.0,2.0,0.5,1.0,1
123,Bug,Flying,500,70,110,80,55,80,105,False,Bug,Flying,1.0,2.0,1.0,2.0,0.25,2.0,0.25,1.0,0.0,2.0,1.0,0.5,4.0,1.0,1.0,1.0,1.0,1.0,1
124,Ice,Psychic,455,65,50,35,115,95,95,False,Ice,Psychic,1.0,2.0,1.0,1.0,1.0,0.5,1.0,1.0,1.0,1.0,0.5,2.0,2.0,2.0,1.0,2.0,2.0,1.0,1
125,Electric,,490,65,83,57,95,85,105,False,Electric,,1.0,1.0,1.0,0.5,1.0,1.0,1.0,1.0,2.0,0.5,1.0,1.0,1.0,1.0,1.0,1.0,0.5,1.0,1
126,Fire,,495,65,95,57,100,85,93,False,Fire,,1.0,0.5,2.0,1.0,0.5,0.5,1.0,1.0,2.0,1.0,1.0,0.5,2.0,1.0,1.0,1.0,0.5,0.5,1
127,Bug,,500,65,125,100,55,70,85,False,Bug,,1.0,2.0,1.0,1.0,0.5,1.0,0.5,1.0,0.5,2.0,1.0,1.0,2.0,1.0,1.0,1.0,1.0,1.0,1
128,Normal,,490,75,100,95,40,70,110,False,Normal,,1.0,1.0,1.0,1.0,1.0,1.0,2.0,1.0,1.0,1.0,1.0,1.0,1.0,0.0,1.0,1.0,1.0,1.0,1
129,Water,,200,20,10,55,15,20,80,False,Water,,1.0,0.5,0.5,2.0,2.0,0.5,1.0,1.0,1.0,1.0,1.0,1.0,1.0,1.0,1.0,1.0,0.5,1.0,1
130,Water,Flying,540,95,125,79,60,100,81,False,Water,Flying,1.0,0.5,0.5,4.0,1.0,1.0,0.5,1.0,0.0,1.0,1.0,0.5,2.0,1.0,1.0,1.0,0.5,1.0,1
131,Water,Ice,535,130,85,80,85,95,60,False,Water,Ice,1.0,1.0,0.0,2.0,2.0,0.25,2.0,1.0,1.0,1.0,1.0,1.0,2.0,1.0,1.0,1.0,1.0,1.0,1
132,Normal,,288,48,48,48,48,48,48,False,Normal,,1.0,1.0,1.0,1.0,1.0,1.0,2.0,1.0,1.0,1.0,1.0,1.0,1.0,0.0,1.0,1.0,1.0,1.0,1
133,Normal,,325,55,55,50,45,65,55,False,Normal,,1.0,1.0,1.0,1.0,1.0,1.0,2.0,1.0,1.0,1.0,1.0,1.0,1.0,0.0,1.0,1.0,1.0,1.0,1
134,Water,,525,130,65,60,110,95,65,False,Water,,1.0,0.5,0.0,2.0,2.0,0.5,1.0,1.0,1.0,1.0,1.0,1.0,1.0,1.0,1.0,1.0,0.5,1.0,1
135,Electric,,525,65,65,60,110,95,130,False,Electric,,1.0,1.0,1.0,0.0,1.0,1.0,1.0,1.0,2.0,0.5,1.0,1.0,1.0,1.0,1.0,1.0,0.5,1.0,1
136,Fire,,525,65,130,60,95,110,65,False,Fire,,1.0,0.0,2.0,1.0,0.5,0.5,1.0,1.0,2.0,1.0,1.0,0.5,2.0,1.0,1.0,1.0,0.5,0.5,1
137,Normal,,395,65,60,70,85,75,40,False,Normal,,1.0,1.0,1.0,1.0,1.0,1.0,2.0,1.0,1.0,1.0,1.0,1.0,1.0,0.0,1.0,1.0,1.0,1.0,1
138,Rock,Water,355,35,40,100,90,55,35,False,Rock,Water,0.5,0.25,1.0,2.0,4.0,0.5,2.0,0.5,2.0,0.5,1.0,1.0,1.0,1.0,1.0,1.0,1.0,1.0,1
139,Rock,Water,495,70,60,125,115,70,55,False,Rock,Water,0.5,0.25,1.0,2.0,4.0,0.5,2.0,0.5,2.0,0.5,1.0,1.0,1.0,1.0,1.0,1.0,1.0,1.0,1
140,Rock,Water,355,30,80,90,55,45,55,False,Rock,Water,0.5,0.25,1.0,2.0,4.0,0.5,2.0,0.5,2.0,0.5,1.0,1.0,1.0,1.0,1.0,1.0,1.0,1.0,1
141,Rock,Water,495,60,115,105,65,70,80,False,Rock,Water,0.5,0.25,1.0,2.0,4.0,0.5,2.0,0.5,2.0,0.5,1.0,1.0,1.0,1.0,1.0,1.0,1.0,1.0,1
142,Rock,Flying,515,80,105,65,60,75,130,False,Rock,Flying,0.5,0.5,2.0,2.0,1.0,2.0,1.0,0.5,0.0,0.5,1.0,0.5,2.0,1.0,1.0,1.0,2.0,1.0,1
143,Normal,,540,160,110,65,65,110,30,False,Normal,,1.0,1.0,1.0,1.0,1.0,1.0,2.0,1.0,1.0,1.0,1.0,1.0,1.0,0.0,1.0,1.0,1.0,1.0,1
144,Ice,Flying,580,90,85,100,95,125,85,True,Ice,Flying,1.0,2.0,1.0,2.0,0.5,1.0,1.0,1.0,0.0,1.0,1.0,0.5,4.0,1.0,1.0,1.0,2.0,1.0,1
145,Electric,Flying,580,90,90,85,125,90,100,True,Electric,Flying,1.0,1.0,1.0,1.0,0.5,2.0,0.5,1.0,0.0,0.5,1.0,0.5,2.0,1.0,1.0,1.0,0.5,1.0,1
146,Fire,Flying,580,90,100,90,125,85,90,True,Fire,Flying,1.0,0.5,2.0,2.0,0.25,1.0,0.5,1.0,0.0,1.0,1.0,0.25,4.0,1.0,1.0,1.0,0.5,0.5,1
147,Dragon,,300,41,64,45,50,50,50,False,Dragon,,1.0,0.5,0.5,0.5,0.5,2.0,1.0,1.0,1.0,1.0,1.0,1.0,1.0,1.0,2.0,1.0,1.0,2.0,1
148,Dragon,,420,61,84,65,70,70,70,False,Dragon,,1.0,0.5,0.5,0.5,0.5,2.0,1.0,1.0,1.0,1.0,1.0,1.0,1.0,1.0,2.0,1.0,1.0,2.0,1
149,Dragon,Flying,600,91,134,95,100,100,80,False,Dragon,Flying,1.0,0.5,0.5,1.0,0.25,4.0,0.5,1.0,0.0,1.0,1.0,0.5,2.0,1.0,2.0,1.0,1.0,2.0,1
150,Psychic,,680,106,110,90,154,90,130,True,Psychic,,1.0,1.0,1.0,1.0,1.0,1.0,0.5,1.0,1.0,1.0,0.5,2.0,1.0,2.0,1.0,2.0,1.0,1.0,1
151,Psychic,,600,100,100,100,100,100,100,False,Psychic,,1.0,1.0,1.0,1.0,1.0,1.0,0.5,1.0,1.0,1.0,0.5,2.0,1.0,2.0,1.0,2.0,1.0,1.0,1
